,Variable,F_Value,P_Value
6,Neighborhood_West,135.21550516522177,0.000
5,Neighborhood_North,55.04726395629547,0.000
8,SqFt,54.380853184668005,0.000
0,Bathrooms,47.73506054495458,0.000
1,Bedrooms,47.69858295473697,0.000
2,Brick_No,32.481129932959135,0.000
3,Brick_Yes,32.481129932959135,0.000
7,Offers,14.329762486828463,0.000
4,Neighborhood_East,2.7082801300023864,0.102
