,VIF_Factor,features
0,1.588754183835334,Brick_Yes
1,1.898675410256453,Neighborhood_West
2,3.586661577826112,SqFt
3,1.9557455814916391,Neighborhood_North
